Name,Short Description,Category,Page link,Region,Thumbnail link
FabLab Marawi,Fab Lab Marawi is a digital fabrication and arts innovation center established through a collaboration between Mindanao State University – Main (MSU-Marawi) and the Department of Trade and Industry…,Fabrication Laboratory (FabLab),https://nelle3549.github.io/Innovation-hubs/centers/fablab-marawi.html,BARMM,https://nelle3549.github.io/Innovation-hubs/hub%20thumbnails/centers/fablab-marawi.webp
DOST-PCAARRD-BSU Agriculture & Food TBI,"The DOST-PCAARRD-BSU Agriculture & Food TBI (now also operating as an Innovation Center, ATBI/IC) is hosted by Benguet State University in La Trinidad, Benguet and serves the Cordillera…",Technology Business Incubator,https://nelle3549.github.io/Innovation-hubs/centers/dost-pcaarrd-bsu-agriculture-food-tbi.html,CAR,https://nelle3549.github.io/Innovation-hubs/hub%20thumbnails/centers/dost-pcaarrd-bsu-agriculture-food-tbi.webp
FabLab SLU — Saint Louis University,"FabLab SLU is the digital fabrication laboratory of Saint Louis University, operating under the SLU Engineering Institute and Shared Service Infrastructure Facilities (EISSIF) in Baguio City…",Fabrication Laboratory (FabLab),https://nelle3549.github.io/Innovation-hubs/centers/fablab-slu-saint-louis-university.html,CAR,https://nelle3549.github.io/Innovation-hubs/hub%20thumbnails/centers/fablab-slu-saint-louis-university.webp
Food Science Research and Innovation Center — Benguet State University,The Food Science Research and Innovation Center (FSRIC) at Benguet State University is the Cordillera Administrative Region's designated Food Innovation Center under the DOST network. Located at Km…,Food Innovation Center,https://nelle3549.github.io/Innovation-hubs/centers/food-science-research-and-innovation-center-benguet-state-university.html,CAR,https://nelle3549.github.io/Innovation-hubs/hub%20thumbnails/centers/food-science-research-and-innovation-center-benguet-state-university.webp
SIRIB Center — Saint Louis University,"The SIRIB Center (SLU Incubator for Research, Innovation & Business) is Saint Louis University's technology business incubator and the primary innovation support platform for startups and…",Technology Business Incubator,https://nelle3549.github.io/Innovation-hubs/centers/sirib-center-saint-louis-university.html,CAR,https://nelle3549.github.io/Innovation-hubs/hub%20thumbnails/centers/sirib-center-saint-louis-university.webp
UCIANS — UC Innovation & Nurturing Space (TBI),"UCIANS (UC Innovation & Nurturing Space) is the Technology Business Incubator and innovation hub of the University of the Cordilleras (UC) in Baguio City, operating under the University's Innovation…",Technology Business Incubator,https://nelle3549.github.io/Innovation-hubs/centers/ucians-uc-innovation-nurturing-space.html,CAR,https://nelle3549.github.io/Innovation-hubs/hub%20thumbnails/centers/ucians-uc-innovation-nurturing-space.webp
UP Baguio SILBI TBI,"UP Baguio TBI, known as SILBI (Social Innovation Laboratory and Business Inclusion), is the Technology Business Incubator hosted by the University of the Philippines Baguio in Baguio City, Cordillera…",Technology Business Incubator,https://nelle3549.github.io/Innovation-hubs/centers/up-baguio-silbi-tbi.html,CAR,https://nelle3549.github.io/Innovation-hubs/hub%20thumbnails/centers/up-baguio-silbi-tbi.webp
Adamson NEST — Neo Science & Technology Incubation Center,"NEST (Neo Science and Technology Incubation Center) — formally incorporated as AdUNEST Inc. — is the Technology Business Incubator of Adamson University in Manila, serving the National Capital…",Technology Business Incubator,https://nelle3549.github.io/Innovation-hubs/centers/adamson-nest-neo-science-technology-incubation-center.html,NCR,https://nelle3549.github.io/Innovation-hubs/hub%20thumbnails/centers/adamson-nest-neo-science-technology-incubation-center.webp
AIM–Dado Banatao Incubator,The AIM–Dado Banatao Incubator is a premier technology startup incubator hosted by the Asian Institute of Management (AIM) in Makati City. Named after legendary Filipino technologist and venture…,Technology Business Incubator,https://nelle3549.github.io/Innovation-hubs/centers/aim-dado-banatao-incubator.html,NCR,https://nelle3549.github.io/Innovation-hubs/hub%20thumbnails/centers/aim-dado-banatao-incubator.webp
Brainsparks,"Brainsparks is a startup incubator and accelerator based in Metro Manila, founded in 2015 to support Filipino founders driving impactful innovation. It positions itself as an innovation ecosystem…",Technology Business Incubator,https://nelle3549.github.io/Innovation-hubs/centers/brainsparks.html,NCR,https://nelle3549.github.io/Innovation-hubs/hub%20thumbnails/centers/brainsparks.webp
DLSU Animo Labs — TBI & FabLab,"Animo Labs is the Technology Business Incubator (TBI) and digital fabrication laboratory (FabLab) of De La Salle University, established in partnership with DOST-PCIEERD. Located primarily at the…",Technology Business Incubator,https://nelle3549.github.io/Innovation-hubs/centers/dlsu-animo-labs-tbi-fablab.html,NCR,https://nelle3549.github.io/Innovation-hubs/hub%20thumbnails/centers/dlsu-animo-labs-tbi-fablab.webp
DOST-PUP TBI Pylon Hub,The DOST-PUP TBI Pylon Hub — full name: PUP Technology Business Incubation Product Innovation Yielding to Long-Term Opportunities for New Entrepreneurs Hub — is the Technology Business Incubator of…,Technology Business Incubator,https://nelle3549.github.io/Innovation-hubs/centers/dost-pup-tbi-pylon-hub.html,NCR,https://nelle3549.github.io/Innovation-hubs/hub%20thumbnails/centers/dost-pup-tbi-pylon-hub.webp
FabLab PFFI,"FabLab PFFI is the industry-embedded fabrication laboratory of the Philippine Footwear Federation Inc. (PFFI), located in Marikina City — the undisputed shoe capital of the Philippines and the heart…",Fabrication Laboratory (FabLab),https://nelle3549.github.io/Innovation-hubs/centers/fablab-pffi.html,NCR,https://nelle3549.github.io/Innovation-hubs/hub%20thumbnails/centers/fablab-pffi.webp
HiFi — Hub of Innovation for Inclusion,"HiFi — Hub of Innovation for Inclusion is a DOST-accredited Technology Business Incubator hosted by De La Salle-College of Saint Benilde in Malate, Manila (NCR). Founded in 2016 and housed at the…",Technology Business Incubator,https://nelle3549.github.io/Innovation-hubs/centers/hifi-hub-of-innovation-for-inclusion.html,NCR,https://nelle3549.github.io/Innovation-hubs/hub%20thumbnails/centers/hifi-hub-of-innovation-for-inclusion.webp
IdeaSpace Foundation (Incubator Hub),"IdeaSpace Foundation is a non-profit technology business incubator and startup accelerator based in Makati City, Metro Manila. Established in 2012 and backed by the MVP Group of Companies — including…",Technology Business Incubator,https://nelle3549.github.io/Innovation-hubs/centers/ideaspace-foundation.html,NCR,https://nelle3549.github.io/Innovation-hubs/hub%20thumbnails/centers/ideaspace-foundation.webp
PTTC DigiFab,"PTTC DigiFab is the digital fabrication facility of the Philippine Trade Training Center (PTTC), the training arm of the Department of Trade and Industry (DTI), located in Pasay City, Metro Manila…",Fabrication Laboratory (FabLab),https://nelle3549.github.io/Innovation-hubs/centers/pttc-digifab.html,NCR,https://nelle3549.github.io/Innovation-hubs/hub%20thumbnails/centers/pttc-digifab.webp
QBO Innovation Hub,"QBO Innovation Hub is the Philippines' first public-private startup platform, established through a tri-sector founding partnership between DOST-PCIEERD (government), IdeaSpace (civil society), and…",Technology Business Incubator,https://nelle3549.github.io/Innovation-hubs/centers/qbo-innovation-hub.html,NCR,https://nelle3549.github.io/Innovation-hubs/hub%20thumbnails/centers/qbo-innovation-hub.webp
T.I.P. TechnoCoRe (Student Incubation),The TechnoCoRe Catalyst Office is the in-house student and startup incubation arm of the Technological Institute of the Philippines (TIP) in Quezon City. Operating within TIP TechnoCoRe…,Technology Business Incubator,https://nelle3549.github.io/Innovation-hubs/centers/t-i-p-technocore.html,NCR,https://nelle3549.github.io/Innovation-hubs/hub%20thumbnails/centers/t-i-p-technocore.webp
TBI Center at Miriam College — Henry Sy Sr. Innovation Center,"The TBI Center at Miriam College, housed in the Henry Sy Sr. Innovation Center, is the Technology Business Incubator (TBI) of Miriam College — located along Katipunan Avenue in Quezon City. As part…",Technology Business Incubator,https://nelle3549.github.io/Innovation-hubs/centers/tbi-center-at-miriam-college-henry-sy-sr-innovation-center.html,NCR,https://nelle3549.github.io/Innovation-hubs/hub%20thumbnails/centers/tbi-center-at-miriam-college-henry-sy-sr-innovation-center.webp
Think & Tinker Laboratory — Mapúá University,The Think & Tinker Laboratory is Mapúá University's DOST-PCIEERD-accredited Technology Business Incubator and a member of the SCALE-NCR cluster of startup incubators in Metro Manila. The lab's name…,Technology Business Incubator,https://nelle3549.github.io/Innovation-hubs/centers/think-tinker-laboratory-mapua-university.html,NCR,https://nelle3549.github.io/Innovation-hubs/hub%20thumbnails/centers/think-tinker-laboratory-mapua-university.webp
TIP NITRO — TBI,"TIP NITRO is the Technology Business Incubator (TBI) of the Technological Institute of the Philippines (TIP), located in Quezon City. As part of the DOST-PCIEERD SCALE-NCR cluster of Metro Manila…",Technology Business Incubator,https://nelle3549.github.io/Innovation-hubs/centers/tip-nitro-tbi.html,NCR,https://nelle3549.github.io/Innovation-hubs/hub%20thumbnails/centers/tip-nitro-tbi.webp
TOMASInno Center TBI — UST,"TOMASInno Center is the Technology Business Incubator (TBI) of the University of Santo Tomas (UST), located in Manila. Supported by DOST-PCIEERD, TOMASInno serves as UST's hub for technology…",Technology Business Incubator,https://nelle3549.github.io/Innovation-hubs/centers/tomasinno-center-tbi-ust.html,NCR,https://nelle3549.github.io/Innovation-hubs/hub%20thumbnails/centers/tomasinno-center-tbi-ust.webp
UP Diliman–DOST Food Innovation Facility (FIF),The Food Innovation Facility (FIF) at the University of the Philippines Diliman is the Metro Manila–based center in the DOST national Food Innovation Center (FIC) network. Hosted by UP Diliman's…,Food Innovation Center,https://nelle3549.github.io/Innovation-hubs/centers/up-diliman-dost-food-innovation-facility.html,NCR,https://nelle3549.github.io/Innovation-hubs/hub%20thumbnails/centers/up-diliman-dost-food-innovation-facility.webp
UP-CFA FabLab,The UP-CFA FabLab at the University of the Philippines Diliman — College of Fine Arts (CFA) is a digital fabrication laboratory that brings together the creative disciplines of fine arts and design…,Fabrication Laboratory (FabLab),https://nelle3549.github.io/Innovation-hubs/centers/up-cfa-fablab.html,NCR,https://nelle3549.github.io/Innovation-hubs/hub%20thumbnails/centers/up-cfa-fablab.webp
UPScale Innovation Hub,"UPScale Innovation Hub is the Technology Business Incubator (TBI) of the University of the Philippines Diliman, housed within the College of Engineering and backed by DOST-PCIEERD. As one of the…",Technology Business Incubator,https://nelle3549.github.io/Innovation-hubs/centers/upscale-innovation-hub.html,NCR,https://nelle3549.github.io/Innovation-hubs/hub%20thumbnails/centers/upscale-innovation-hub.webp
Aligwas TBI,"Aligwas TBI (DOST-PSU Aligwas Technology Business Incubator) is hosted by Pangasinan State University (PSU) in Region I (Ilocos Region), with operations anchored at PSU and its Bayambang campus…",Technology Business Incubator,https://nelle3549.github.io/Innovation-hubs/centers/aligwas-tbi.html,Region I,https://nelle3549.github.io/Innovation-hubs/hub%20thumbnails/centers/aligwas-tbi.webp
DOST-MMSU Bannuar Technology Business Incubator,"The DOST-MMSU Technology Business Incubator — known as the Bannuar TBI — is hosted by Mariano Marcos State University in Batac, Ilocos Norte and serves Region I (Ilocos). Established through a ₱12.7…",Technology Business Incubator,https://nelle3549.github.io/Innovation-hubs/centers/dost-mmsu-bannuar-technology-business-incubator.html,Region I,https://nelle3549.github.io/Innovation-hubs/hub%20thumbnails/centers/dost-mmsu-bannuar-technology-business-incubator.webp
DOST-PCAARRD-DMMMSU Agri-Aqua Technology Business Incubator (ATBI),"The DOST-PCAARRD-DMMMSU Agri, Aquaculture & Food TBI is hosted by Don Mariano Marcos Memorial State University (DMMMSU) in Rosario, La Union and serves as the Regional Agri-Aqua Technology Business…",Technology Business Incubator,https://nelle3549.github.io/Innovation-hubs/centers/dost-pcaarrd-dmmmsu-agri-aqua-technology-business-incubator.html,Region I,https://nelle3549.github.io/Innovation-hubs/hub%20thumbnails/centers/dost-pcaarrd-dmmmsu-agri-aqua-technology-business-incubator.webp
MMSU FARM-A Lab (Fabrication and Automation Research for the Mechanization of Agriculture),The FARM-A Lab (Fabrication and Automation Research for the Mechanization of Agriculture) is a digital fabrication and applied-research facility at Mariano Marcos State University (MMSU) in Batac…,Fabrication Laboratory (FabLab),https://nelle3549.github.io/Innovation-hubs/centers/mmsu-farm-a-lab.html,Region I,https://nelle3549.github.io/Innovation-hubs/hub%20thumbnails/centers/mmsu-farm-a-lab.webp
MMSU Food Innovation Center,"The MMSU Food Innovation Center (MMSU FIC) is the DOST-supported Food Innovation Center for Region I (Ilocos Region), hosted by Mariano Marcos State University (MMSU) in Batac City, Ilocos Norte…",Food Innovation Center,https://nelle3549.github.io/Innovation-hubs/centers/mmsu-food-innovation-center.html,Region I,https://nelle3549.github.io/Innovation-hubs/hub%20thumbnails/centers/mmsu-food-innovation-center.webp
PSU-DOST 1 FIC — Pangasinan State University,"The PSU-DOST 1 Food Innovation Center is hosted by Pangasinan State University at its Bayambang Campus in Bayambang, Pangasinan and serves Region I (Ilocos Region). One of PSU's ten flagship…",Food Innovation Center,https://nelle3549.github.io/Innovation-hubs/centers/psu-dost-1-fic-pangasinan-state-university.html,Region I,https://nelle3549.github.io/Innovation-hubs/hub%20thumbnails/centers/psu-dost-1-fic-pangasinan-state-university.webp
BIZNEST Technology Business Incubator (CSU),"BIZNEST (Business Incubation Zone for Novel and Sustainable Enterprises) is hosted by Cagayan State University in Tuguegarao City, Cagayan and serves Region II (Cagayan Valley). Funded by…",Technology Business Incubator,https://nelle3549.github.io/Innovation-hubs/centers/biznest-technology-business-incubator.html,Region II,https://nelle3549.github.io/Innovation-hubs/hub%20thumbnails/centers/biznest-technology-business-incubator.webp
Cagayan Valley Food Innovation Center (FIC),"The Cagayan Valley Food Innovation Center (FIC) is hosted by Cagayan State University at its Carig Campus in Tuguegarao City, Cagayan and serves Region II (Cagayan Valley). Established in 2014, it…",Food Innovation Center,https://nelle3549.github.io/Innovation-hubs/centers/cagayan-valley-food-innovation-center.html,Region II,https://nelle3549.github.io/Innovation-hubs/hub%20thumbnails/centers/cagayan-valley-food-innovation-center.webp
DOST-PCAARRD-ISU Livestock TBI,"The DOST-PCAARRD-ISU Livestock TBI is hosted by Isabela State University through its Cagayan Valley Small Ruminant Research Center (CVSRRC) in Echague, Isabela and serves Region II (Cagayan Valley)…",Technology Business Incubator,https://nelle3549.github.io/Innovation-hubs/centers/dost-pcaarrd-isu-livestock-tbi.html,Region II,https://nelle3549.github.io/Innovation-hubs/hub%20thumbnails/centers/dost-pcaarrd-isu-livestock-tbi.webp
FabLab Santiago City,"FabLab Santiago City is a digital fabrication center operated by the Local Government Unit of Santiago City, located in Santiago City, Isabela in the Cagayan Valley region. Listed on the global Fab…",Fabrication Laboratory (FabLab),https://nelle3549.github.io/Innovation-hubs/centers/fablab-santiago-city.html,Region II,https://nelle3549.github.io/Innovation-hubs/hub%20thumbnails/centers/fablab-santiago-city.webp
FIC — Isabela State University (Cauayan Campus),"The Isabela State University Food Innovation Center (ISU FIC) is a DOST-supported food technology facility at Isabela State University, located at the Cauayan Campus in Cauayan City, Isabela. The…",Food Innovation Center,https://nelle3549.github.io/Innovation-hubs/centers/fic-isabela-state-university.html,Region II,https://nelle3549.github.io/Innovation-hubs/hub%20thumbnails/centers/fic-isabela-state-university.webp
Sabatan — NVSU Technopreneurs Hub,"Sabatan — NVSU Technopreneurs Hub is a Technology Business Incubator hosted by Nueva Vizcaya State University (NVSU) in Bayombong, Nueva Vizcaya. Under DOST's banner program for Metal Technologies…",Technology Business Incubator,https://nelle3549.github.io/Innovation-hubs/centers/sabatan-nvsu-technopreneurs-hub.html,Region II,https://nelle3549.github.io/Innovation-hubs/hub%20thumbnails/centers/sabatan-nvsu-technopreneurs-hub.webp
BARAS TBI (Business Assistance for Research Acceleration & Sustainability),"BARAS TBI (Business Assistance for Research Acceleration & Sustainability) is a Technology Business Incubator hosted by Bulacan State University (BulSU) in Malolos, Bulacan. Under DOST's banner…",Technology Business Incubator,https://nelle3549.github.io/Innovation-hubs/centers/baras-tbi.html,Region III,https://nelle3549.github.io/Innovation-hubs/hub%20thumbnails/centers/baras-tbi.webp
BulSU FABLAB Center,"The BulSU FABLAB Center — formally known as the Center for Fabrication and Manufacture — is Bulacan State University's digital fabrication laboratory, providing hands-on access to advanced…",Fabrication Laboratory (FabLab),https://nelle3549.github.io/Innovation-hubs/centers/bulsu-fablab-center.html,Region III,https://nelle3549.github.io/Innovation-hubs/hub%20thumbnails/centers/bulsu-fablab-center.webp
DOST-NEUST TBI,"DOST-NEUST TBI is a Technology Business Incubator hosted by the Nueva Ecija University of Science and Technology (NEUST) at its Sumacab Campus in Cabanatuan City, Nueva Ecija, Region III (Central…",Technology Business Incubator,https://nelle3549.github.io/Innovation-hubs/centers/dost-neust-tbi.html,Region III,https://nelle3549.github.io/Innovation-hubs/hub%20thumbnails/centers/dost-neust-tbi.webp
DOST-PCAARRD-CLSU Agriculture & Food TBI,"The DOST-PCAARRD-CLSU Agriculture & Food TBI (AFTBI) is hosted by Central Luzon State University in the Science City of Muñoz, Nueva Ecija and serves Region III (Central Luzon). Funded by the…",Technology Business Incubator,https://nelle3549.github.io/Innovation-hubs/centers/dost-pcaarrd-clsu-agriculture-food-tbi.html,Region III,https://nelle3549.github.io/Innovation-hubs/hub%20thumbnails/centers/dost-pcaarrd-clsu-agriculture-food-tbi.webp
DOST-TSU Aslagan TBI,"DOST-TSU Aslagan TBI is a Technology Business Incubator hosted by Tarlac State University in Tarlac City, Region III (Central Luzon). Officially launched on July 24, 2023, the center takes its name…",Technology Business Incubator,https://nelle3549.github.io/Innovation-hubs/centers/dost-tsu-aslagan-tbi.html,Region III,https://nelle3549.github.io/Innovation-hubs/hub%20thumbnails/centers/dost-tsu-aslagan-tbi.webp
Encephalon TBI,"Encephalon TBI is the Technology Business Incubator of Holy Angel University (HAU) in Angeles City, Pampanga, established with support from DOST-PCIEERD. Named after the Latin word for ""brain,""…",Technology Business Incubator,https://nelle3549.github.io/Innovation-hubs/centers/encephalon-tbi.html,Region III,https://nelle3549.github.io/Innovation-hubs/hub%20thumbnails/centers/encephalon-tbi.webp
FabLab DHVTSU,"FabLab DHVTSU — now operating under Pampanga State University (PSU), formerly Don Honorio Ventura Technological State University — is the digital fabrication laboratory of Central Luzon's premier…",Fabrication Laboratory (FabLab),https://nelle3549.github.io/Innovation-hubs/centers/fablab-dhvtsu.html,Region III,https://nelle3549.github.io/Innovation-hubs/hub%20thumbnails/centers/fablab-dhvtsu.webp
FIC — Bulacan State University,"The Bulacan State University Food Innovation Center (BulSU FIC) is a DOST-HITS (Harmonized Industrial Technology Services) recipient at Bulacan State University (BulSU) in Malolos, Bulacan, providing…",Food Innovation Center,https://nelle3549.github.io/Innovation-hubs/centers/fic-bulacan-state-university.html,Region III,https://nelle3549.github.io/Innovation-hubs/hub%20thumbnails/centers/fic-bulacan-state-university.webp
PSHS-CLC Innovation Center,"The PSHS-CLC Innovation Center is a fabrication laboratory (FabLab) established at the Philippine Science High School – Central Luzon Campus (PSHS-CLC) in Clark Freeport Zone, Mabalacat City…",Fabrication Laboratory (FabLab),https://nelle3549.github.io/Innovation-hubs/centers/pshs-clc-innovation-center.html,Region III,https://nelle3549.github.io/Innovation-hubs/hub%20thumbnails/centers/pshs-clc-innovation-center.webp
SIKAT TBI,"SIKAT TBI is a Technology Business Incubator hosted by Bataan Peninsula State University (BPSU) in Balanga City, Bataan, Region III (Central Luzon). Launched by the Department of Science and…",Technology Business Incubator,https://nelle3549.github.io/Innovation-hubs/centers/sikat-tbi.html,Region III,https://nelle3549.github.io/Innovation-hubs/hub%20thumbnails/centers/sikat-tbi.webp
BatStateU Center for Technopreneurship & Innovation (CTI),"The Center for Technopreneurship and Innovation (CTI) is the Technology Business Incubator (TBI) of Batangas State University – The National Engineering University, established in September 2014 in…",Technology Business Incubator,https://nelle3549.github.io/Innovation-hubs/centers/batstateu-center-for-technopreneurship-innovation.html,Region IV-A,https://nelle3549.github.io/Innovation-hubs/hub%20thumbnails/centers/batstateu-center-for-technopreneurship-innovation.webp
CALABARZON Food Solutions Hub — C-FoSH (LSPU FIC),"The CALABARZON Food Solutions Hub (C-FoSH) is a DOST-designated Food Innovation Center hosted by Laguna State Polytechnic University (LSPU) at its Sta. Cruz Campus in Sta. Cruz, Laguna. C-FoSH…",Food Innovation Center,https://nelle3549.github.io/Innovation-hubs/centers/calabarzon-food-solutions-hub-c-fosh.html,Region IV-A,https://nelle3549.github.io/Innovation-hubs/hub%20thumbnails/centers/calabarzon-food-solutions-hub-c-fosh.webp
Cavite State University Agri-Aqua Technology Business Incubator (CvSU-ATBI),"The DOST-PCAARRD-CvSU Agriculture & Food TBI is hosted by Cavite State University in Indang, Cavite and serves Region IV-A (CALABARZON). Implemented through CvSU's CEMDS and CAFENR units, the center…",Technology Business Incubator,https://nelle3549.github.io/Innovation-hubs/centers/cavite-state-university-agri-aqua-technology-business-incubator.html,Region IV-A,https://nelle3549.github.io/Innovation-hubs/hub%20thumbnails/centers/cavite-state-university-agri-aqua-technology-business-incubator.webp
DLSU-D CEAT Center of Technology (CCTI Fab Lab),The DLSU-D SSF Innovation Laboratory — branded the CEAT Center for Technological Innovation (CCTI) — is a fabrication laboratory hosted by De La Salle University-Dasmariñas within its College of…,Fabrication Laboratory (FabLab),https://nelle3549.github.io/Innovation-hubs/centers/dlsu-d-ceat-center-of-technology.html,Region IV-A,https://nelle3549.github.io/Innovation-hubs/hub%20thumbnails/centers/dlsu-d-ceat-center-of-technology.webp
DOST-FPRDI Tubo Forest Products Technology Business Incubator (FPTBI),The DOST-FPRDI Technology Business Incubator — officially rebranded as Tubò in September 2023 — is hosted by the DOST Forest Products Research and Development Institute (DOST-FPRDI) on the campus of…,Technology Business Incubator,https://nelle3549.github.io/Innovation-hubs/centers/dost-fprdi-tubo-forest-products-technology-business-incubator.html,Region IV-A,https://nelle3549.github.io/Innovation-hubs/hub%20thumbnails/centers/dost-fprdi-tubo-forest-products-technology-business-incubator.webp
DOST-PCAARRD LSPU Agri-Aqua Technology Business Incubator (LSPU ATBI),"The DOST-PCAARRD-LSPU TBI Hub (Agri-Fishery & Natural Products) is a DOST-PCAARRD-funded Technology Business Incubator hosted by Laguna State Polytechnic University (LSPU) in Siniloan, Laguna. Part…",Technology Business Incubator,https://nelle3549.github.io/Innovation-hubs/centers/dost-pcaarrd-lspu-agri-aqua-technology-business-incubator.html,Region IV-A,https://nelle3549.github.io/Innovation-hubs/hub%20thumbnails/centers/dost-pcaarrd-lspu-agri-aqua-technology-business-incubator.webp
Food Innovation Center – Batangas State University,CALABARZON FIC — Batangas State University is hosted by Batangas State University (The National Engineering University) in Batangas City. It serves as the region's DOST/DTI Food Innovation Center…,Food Innovation Center,https://nelle3549.github.io/Innovation-hubs/centers/food-innovation-center-batangas-state-university.html,Region IV-A,https://nelle3549.github.io/Innovation-hubs/hub%20thumbnails/centers/food-innovation-center-batangas-state-university.webp
IDEA FabLab — Antipolo Institute of Technology,"IDEA FabLab is the digital fabrication laboratory of the Antipolo Institute of Technology (AiTech), located in Antipolo City, Rizal in the CALABARZON region. The name IDEA reflects the center's focus…",Fabrication Laboratory (FabLab),https://nelle3549.github.io/Innovation-hubs/centers/idea-fablab-antipolo-institute-of-technology.html,Region IV-A,https://nelle3549.github.io/Innovation-hubs/hub%20thumbnails/centers/idea-fablab-antipolo-institute-of-technology.webp
LIKHA FabLab,"LIKHA FabLab — which stands for Labspace for Innovation, Knowledge-Honing and Application — is a digital fabrication laboratory hosted by Batangas State University (The National Engineering…",Fabrication Laboratory (FabLab),https://nelle3549.github.io/Innovation-hubs/centers/likha-fablab.html,Region IV-A,https://nelle3549.github.io/Innovation-hubs/hub%20thumbnails/centers/likha-fablab.webp
UPLB SIBOL Labs (UPLB TTBDO),"UPLB SIBOL (Startup Innovation and Business Opportunity Linkage) Innovation Hub is the University of the Philippines Los Baños's premier business incubation program, operating as the…",Technology Business Incubator,https://nelle3549.github.io/Innovation-hubs/centers/uplb-sibol-labs.html,Region IV-A,https://nelle3549.github.io/Innovation-hubs/hub%20thumbnails/centers/uplb-sibol-labs.webp
DOST-MIMAROPA Food Innovation Center (MinSU),"The DOST-MIMAROPA Food Innovation Center (FIC) is housed at Mindoro State University (MinSU) in Victoria, Oriental Mindoro — formerly known as Mindoro State College of Agriculture and Technology…",Food Innovation Center,https://nelle3549.github.io/Innovation-hubs/centers/dost-mimaropa-food-innovation-center.html,Region IV-B,https://nelle3549.github.io/Innovation-hubs/hub%20thumbnails/centers/dost-mimaropa-food-innovation-center.webp
Palawan International Technology Business Incubator (PITBI),"The Palawan International Technology Business Incubator (PITBI) is the Technology Business Incubator (TBI) of Palawan State University (PSU), located in Puerto Princesa City, Palawan. Established…",Technology Business Incubator,https://nelle3549.github.io/Innovation-hubs/centers/palawan-international-technology-business-incubator.html,Region IV-B,https://nelle3549.github.io/Innovation-hubs/hub%20thumbnails/centers/palawan-international-technology-business-incubator.webp
WPU-ATBI (Western Philippines University Agri-Aqua Technology Business Incubator),"Western Philippines University runs its agriculture and aquaculture incubation work under two distinct public brands, operated by the same team out of the WPU-ATBI Office at the ABBA R&D Center, WPU…",Technology Business Incubator,https://nelle3549.github.io/Innovation-hubs/centers/wpu-atbi.html,Region IV-B,https://nelle3549.github.io/Innovation-hubs/hub%20thumbnails/centers/wpu-atbi.webp
AdZU AZUL Hub (TBI),"AZUL Hub is the Technology Business Incubator of Ateneo de Zamboanga University, launched in 2023 with backing from DOST-PCIEERD. It describes itself as ""a space for young professionals…",Technology Business Incubator,https://nelle3549.github.io/Innovation-hubs/centers/adzu-azul-hub.html,Region IX,https://nelle3549.github.io/Innovation-hubs/hub%20thumbnails/centers/adzu-azul-hub.webp
DOST-PCAARRD-WMSU Agri-Aqua Technology Business Incubator (ATBI),The DOST-PCAARRD-WMSU Agriculture & Food TBI is hosted by Western Mindanao State University in Zamboanga City and serves the Zamboanga Peninsula (Region IX). Established under the DOST-PCAARRD…,Technology Business Incubator,https://nelle3549.github.io/Innovation-hubs/centers/dost-pcaarrd-wmsu-agri-aqua-technology-business-incubator.html,Region IX,https://nelle3549.github.io/Innovation-hubs/hub%20thumbnails/centers/dost-pcaarrd-wmsu-agri-aqua-technology-business-incubator.webp
FabLab Dapitan,"FabLab Dapitan is the digital fabrication laboratory of Jose Rizal Memorial State University (JRMSU) in Dapitan City, Zamboanga del Norte. Part of the global Fab Lab network and the nationwide…",Fabrication Laboratory (FabLab),https://nelle3549.github.io/Innovation-hubs/centers/fablab-dapitan.html,Region IX,https://nelle3549.github.io/Innovation-hubs/hub%20thumbnails/centers/fablab-dapitan.webp
FabLab Pagadian — JHCSC,"FabLab Pagadian is the digital fabrication laboratory of Josefina H. Cerilles State College (JHCSC), located in Pagadian City in the Zamboanga Peninsula (Region IX). As the primary higher education…",Fabrication Laboratory (FabLab),https://nelle3549.github.io/Innovation-hubs/centers/fablab-pagadian-jhcsc.html,Region IX,https://nelle3549.github.io/Innovation-hubs/hub%20thumbnails/centers/fablab-pagadian-jhcsc.webp
WMSU Advanced Manufacturing Center (AMCen) / RICME (IC),The WMSU Advanced Manufacturing Center (AMCen) — co-housed with the Western Mindanao State University Regional Innovation Center for Metals and Engineering (RICME) — is the first Advanced…,Fabrication Laboratory (FabLab),https://nelle3549.github.io/Innovation-hubs/centers/wmsu-advanced-manufacturing-center-ricme.html,Region IX,https://nelle3549.github.io/Innovation-hubs/hub%20thumbnails/centers/wmsu-advanced-manufacturing-center-ricme.webp
Zamboanga Peninsula FIC — ZSCMST,"The Zamboanga Peninsula Food Innovation Center (ZamPen FIC) is a DOST-supported Food Innovation Center (FIC) hosted by Zamboanga State College of Marine Sciences and Technology (ZSCMST), located in…",Food Innovation Center,https://nelle3549.github.io/Innovation-hubs/centers/zamboanga-peninsula-fic-zscmst.html,Region IX,https://nelle3549.github.io/Innovation-hubs/hub%20thumbnails/centers/zamboanga-peninsula-fic-zscmst.webp
Zampen FabLab — ZCSPC,"Zampen FabLab — short for Zamboanga Peninsula FabLab — is the digital fabrication laboratory of Zamboanga City State Polytechnic College (ZCSPC), located in Zamboanga City in the Zamboanga Peninsula…",Fabrication Laboratory (FabLab),https://nelle3549.github.io/Innovation-hubs/centers/zampen-fablab-zcspc.html,Region IX,https://nelle3549.github.io/Innovation-hubs/hub%20thumbnails/centers/zampen-fablab-zcspc.webp
Bicol Regional Food Innovation & Commercialization Center (BRFICC) — Bicol University,"The Bicol Regional Food Innovation & Commercialization Center (BRFICC) — also known as BRFIC since its 2024 renaming — is Bicol University’s DOST Food Innovation Center in Legazpi City, Albay. As the…",Food Innovation Center,https://nelle3549.github.io/Innovation-hubs/centers/bicol-regional-food-innovation-commercialization-center-bicol-university.html,Region V,https://nelle3549.github.io/Innovation-hubs/hub%20thumbnails/centers/bicol-regional-food-innovation-commercialization-center-bicol-university.webp
Bicol University TBI / SILI DELI,"SILI DELI — Bicol University's Technology Business Incubator — is hosted by Bicol University in Legazpi City, Albay and is the first Technology Business Incubator established in the Bicol Region…",Technology Business Incubator,https://nelle3549.github.io/Innovation-hubs/centers/bicol-university-tbi-sili-deli.html,Region V,https://nelle3549.github.io/Innovation-hubs/hub%20thumbnails/centers/bicol-university-tbi-sili-deli.webp
BISCAST FabLab,"The BISCAST FabLab (also known as BISCAST ManFabLab) is the digital fabrication laboratory of Bicol State College of Applied Sciences and Technology (BISCAST) in Naga City, Camarines Sur. As part of…",Fabrication Laboratory (FabLab),https://nelle3549.github.io/Innovation-hubs/centers/biscast-fablab.html,Region V,https://nelle3549.github.io/Innovation-hubs/hub%20thumbnails/centers/biscast-fablab.webp
CNSC FABMANLAB (Camarines Norte State College),"FabLab Cam Norte is the fabrication laboratory of Camarines Norte State College (CNSC) in Daet, Camarines Norte — now operating as the CNSC Fabrication & Manufacturing Research Center (FMRC). As a…",Fabrication Laboratory (FabLab),https://nelle3549.github.io/Innovation-hubs/centers/cnsc-fabmanlab.html,Region V,https://nelle3549.github.io/Innovation-hubs/hub%20thumbnails/centers/cnsc-fabmanlab.webp
CSPC ASOG Technology Business Incubator,"The CSPC ASOG Technology Business Incubator is hosted by Camarines Sur Polytechnic Colleges (CSPC) in Nabua, Camarines Sur and serves the Bicol Region (Region V). Funded by DOST-PCIEERD under the…",Technology Business Incubator,https://nelle3549.github.io/Innovation-hubs/centers/cspc-asog-technology-business-incubator.html,Region V,https://nelle3549.github.io/Innovation-hubs/hub%20thumbnails/centers/cspc-asog-technology-business-incubator.webp
FabLab Bicol — Bicol University,"FabLab Bicol is the digital fabrication laboratory of Bicol University's College of Industrial Technology (BUCIT), located in Legazpi City, Albay in the Bicol Region (Region V). Listed on the global…",Fabrication Laboratory (FabLab),https://nelle3549.github.io/Innovation-hubs/centers/fablab-bicol-bicol-university.html,Region V,https://nelle3549.github.io/Innovation-hubs/hub%20thumbnails/centers/fablab-bicol-bicol-university.webp
MAGIS Technology Business Incubator (TBI),"The MAGIS Technology Business Incubator (TBI) is the startup incubation center of Ateneo de Naga University (ADNU) in Naga City, Camarines Sur. Supported by DOST-PCIEERD under the HEIRIT (Higher…",Technology Business Incubator,https://nelle3549.github.io/Innovation-hubs/centers/magis-technology-business-incubator.html,Region V,https://nelle3549.github.io/Innovation-hubs/hub%20thumbnails/centers/magis-technology-business-incubator.webp
Sorsogon PILI FabLab (SorSU),"Sorsogon PILI FabLab — named for the pili nut (Canarium ovatum), Sorsogon's flagship commodity — is the digital fabrication laboratory of Sorsogon State University (SorSU) in Sorsogon City, the…",Fabrication Laboratory (FabLab),https://nelle3549.github.io/Innovation-hubs/centers/sorsogon-pili-fablab.html,Region V,https://nelle3549.github.io/Innovation-hubs/hub%20thumbnails/centers/sorsogon-pili-fablab.webp
TIGRE Technology Business Incubator (NCF),"TIGRE TBI is the Technology Business Incubator of Naga College Foundation (NCF) in Naga City, Camarines Sur. Supported by DOST, TIGRE TBI operates as NCF's official startup hub, committed to building…",Technology Business Incubator,https://nelle3549.github.io/Innovation-hubs/centers/tigre-technology-business-incubator.html,Region V,https://nelle3549.github.io/Innovation-hubs/hub%20thumbnails/centers/tigre-technology-business-incubator.webp
Advanced Manufacturing Center (AMCen) Western Visayas,"The WVSU Advanced Manufacturing Center is a DOST-supported digital fabrication and advanced manufacturing facility at West Visayas State University (WVSU), located in La Paz, Iloilo City in Western…",Fabrication Laboratory (FabLab),https://nelle3549.github.io/Innovation-hubs/centers/advanced-manufacturing-center-western-visayas.html,Region VI,https://nelle3549.github.io/Innovation-hubs/hub%20thumbnails/centers/advanced-manufacturing-center-western-visayas.webp
Aklan Innovators Hub FabLab,"The Aklan Innovators Hub FabLab is the digital fabrication laboratory of Aklan State University (ASU) in Banga, Aklan. Established with a PHP 18.5 million investment as one of the DTI- and…",Fabrication Laboratory (FabLab),https://nelle3549.github.io/Innovation-hubs/centers/aklan-innovators-hub-fablab.html,Region VI,https://nelle3549.github.io/Innovation-hubs/hub%20thumbnails/centers/aklan-innovators-hub-fablab.webp
Capiz Innovation Center FabLab,"The Capiz Innovation Center FabLab is a fabrication laboratory operated by the Provincial Government of Capiz in Roxas City, Capiz. It is the province's dedicated digital fabrication and prototyping…",Fabrication Laboratory (FabLab),https://nelle3549.github.io/Innovation-hubs/centers/capiz-innovation-center-fablab.html,Region VI,https://nelle3549.github.io/Innovation-hubs/hub%20thumbnails/centers/capiz-innovation-center-fablab.webp
COASTLINE 5023 — UPV Fisheries Technology Business Incubator (FTBI),"The DOST-PCAARRD-UPV Fisheries Technology Business Incubator (UPV Fisheries TBI) is a DOST-PCAARRD-funded TBI hosted by UP Visayas in Miagao, Iloilo. As part of the DOST-PCAARRD AANR TBI network, the…",Technology Business Incubator,https://nelle3549.github.io/Innovation-hubs/centers/coastline-5023-upv-fisheries-technology-business-incubator.html,Region VI,https://nelle3549.github.io/Innovation-hubs/hub%20thumbnails/centers/coastline-5023-upv-fisheries-technology-business-incubator.webp
CPU CPUGAD Technology Business Incubator,"CPU CPUGAD (CPU + PUGAD (Hiligaynon for “nest”)) Technology Business Incubator is hosted by Central Philippine University in Jaro, Iloilo City and serves Region VI (Western Visayas). Established…",Technology Business Incubator,https://nelle3549.github.io/Innovation-hubs/centers/cpu-cpugad-technology-business-incubator.html,Region VI,https://nelle3549.github.io/Innovation-hubs/hub%20thumbnails/centers/cpu-cpugad-technology-business-incubator.webp
DOST-PCAARRD-CapSU Agriculture & Aquaculture TBI,"The DOST-PCAARRD-CapSU Agriculture & Aquaculture TBI — officially known as CAPSULE (Center for Advancing Partnerships, Stimulating Upscale and Leading Enterprises) — is hosted by Capiz State…",Technology Business Incubator,https://nelle3549.github.io/Innovation-hubs/centers/dost-pcaarrd-capsu-agriculture-aquaculture-tbi.html,Region VI,https://nelle3549.github.io/Innovation-hubs/hub%20thumbnails/centers/dost-pcaarrd-capsu-agriculture-aquaculture-tbi.webp
ISAT-U FabLab,"ISAT-U FabLab is a fabrication laboratory hosted by Iloilo Science and Technology University (ISAT-U) in Iloilo City. The FabLab provides students, faculty, researchers, and local entrepreneurs with…",Fabrication Laboratory (FabLab),https://nelle3549.github.io/Innovation-hubs/centers/isat-u-fablab.html,Region VI,https://nelle3549.github.io/Innovation-hubs/hub%20thumbnails/centers/isat-u-fablab.webp
ISAT-U KWADRA Technology Business Incubator,"KWADRA TBI is the Technology Business Incubator of Iloilo Science and Technology University (ISAT-U) in Iloilo City, supported by the Department of Science and Technology (DOST) under the HEIRIT…",Technology Business Incubator,https://nelle3549.github.io/Innovation-hubs/centers/isat-u-kwadra-technology-business-incubator.html,Region VI,https://nelle3549.github.io/Innovation-hubs/hub%20thumbnails/centers/isat-u-kwadra-technology-business-incubator.webp
Western Visayas Food Innovation Center — Guimaras State University,The Western Visayas Food Innovation Center at Guimaras State University (WVFIC-GSC) is a partnership between DOST Region VI and Guimaras State University (formerly Guimaras State College)…,Food Innovation Center,https://nelle3549.github.io/Innovation-hubs/centers/western-visayas-food-innovation-center-guimaras-state-university.html,Region VI,https://nelle3549.github.io/Innovation-hubs/hub%20thumbnails/centers/western-visayas-food-innovation-center-guimaras-state-university.webp
WVSU BINHI Technology Business Incubator (TBI),"WVSU BINHI — Business Incubator Nurturing Homegrown Innovations — is the Technology Business Incubator (TBI) of West Visayas State University in La Paz, Iloilo City, and the university's flagship…",Technology Business Incubator,https://nelle3549.github.io/Innovation-hubs/centers/wvsu-binhi-technology-business-incubator.html,Region VI,https://nelle3549.github.io/Innovation-hubs/hub%20thumbnails/centers/wvsu-binhi-technology-business-incubator.webp
BALIK sa Bohol TBI,"BALIK sa Bohol TBI is a Technology Business Incubator hosted by Bohol Island State University (BISU) in Tagbilaran City, Bohol, Region VII (Central Visayas). ""BALIK"" stands for Business Accelerators…",Technology Business Incubator,https://nelle3549.github.io/Innovation-hubs/centers/balik-sa-bohol-tbi.html,Region VII,https://nelle3549.github.io/Innovation-hubs/hub%20thumbnails/centers/balik-sa-bohol-tbi.webp
Central Visayas Food Innovation Center — CIT-U,"The Central Visayas Food Innovation Center (CVFIC) is the region's DOST-designated Food Innovation Center (FIC), hosted by Cebu Institute of Technology – University (CIT-U) in Cebu City. As one of…",Food Innovation Center,https://nelle3549.github.io/Innovation-hubs/centers/central-visayas-food-innovation-center-cit-u.html,Region VII,https://nelle3549.github.io/Innovation-hubs/hub%20thumbnails/centers/central-visayas-food-innovation-center-cit-u.webp
CIT-U AI FabLab,"The CIT-U AI FabLab is an Artificial Intelligence Fabrication Laboratory hosted by Cebu Institute of Technology-University (CIT-U) in Cebu City (Region VII). Launched on May 8, 2025, in partnership…",Fabrication Laboratory (FabLab),https://nelle3549.github.io/Innovation-hubs/centers/cit-u-ai-fablab.html,Region VII,https://nelle3549.github.io/Innovation-hubs/hub%20thumbnails/centers/cit-u-ai-fablab.webp
CTU Center for Food Development & Technopreneurship (IFSIT) (IC),The Center for Food Development & Technopreneurship (IFSIT — Institute of Food Science and Technopreneurship) at Cebu Technological University is an RDE institute under CTU's College of Technology…,Food Innovation Center,https://nelle3549.github.io/Innovation-hubs/centers/ctu-center-for-food-development-technopreneurship.html,Region VII,https://nelle3549.github.io/Innovation-hubs/hub%20thumbnails/centers/ctu-center-for-food-development-technopreneurship.webp
CTU-ATBI — DOST-PCAARRD Agri-Aqua TBI (Cebu Technological University),"CTU-ATBI is the DOST-PCAARRD Agri-Aqua Technology Business Incubator of Cebu Technological University — a joint DOST-PCAARRD–CTU project that provides mentoring, business and technical know-how, and…",Technology Business Incubator,https://nelle3549.github.io/Innovation-hubs/centers/ctu-atbi-dost-pcaarrd-agri-aqua-tbi.html,Region VII,https://nelle3549.github.io/Innovation-hubs/hub%20thumbnails/centers/ctu-atbi-dost-pcaarrd-agri-aqua-tbi.webp
DigiFab – LGU Bogo City,Host-agency logo (DTI Cebu) — DigiFab Bogo City is a DTI Cebu FabLab with no dedicated page.,Fabrication Laboratory (FabLab),https://nelle3549.github.io/Innovation-hubs/centers/digifab-lgu-bogo-city.html,Region VII,https://nelle3549.github.io/Innovation-hubs/hub%20thumbnails/centers/digifab-lgu-bogo-city.webp
FabLab Bohol,"FabLab Bohol is the digital fabrication laboratory of Bohol Island State University (BISU), located in Tagbilaran City, Bohol. Listed on the global Fab Lab network directory (fablabs.io), the lab…",Fabrication Laboratory (FabLab),https://nelle3549.github.io/Innovation-hubs/centers/fablab-bohol.html,Region VII,https://nelle3549.github.io/Innovation-hubs/hub%20thumbnails/centers/fablab-bohol.webp
FabLab CTU-Argao,FabLab CTU-Argao is a digital fabrication laboratory established through a partnership between Cebu Technological University – Argao Campus and the Department of Trade and Industry (DTI) under the…,Fabrication Laboratory (FabLab),https://nelle3549.github.io/Innovation-hubs/centers/fablab-ctu-argao.html,Region VII,https://nelle3549.github.io/Innovation-hubs/hub%20thumbnails/centers/fablab-ctu-argao.webp
FabLab CTU-Danao,"FabLab CTU-Danao is a fabrication laboratory hosted by Cebu Technological University – Danao Campus in Danao City, Cebu. Listed on the global Fab Lab network directory (fablabs.io), FabLab CTU-Danao…",Fabrication Laboratory (FabLab),https://nelle3549.github.io/Innovation-hubs/centers/fablab-ctu-danao.html,Region VII,https://nelle3549.github.io/Innovation-hubs/hub%20thumbnails/centers/fablab-ctu-danao.webp
FabLab CTU-Tuburan,"FabLab CTU-Tuburan is the digital fabrication laboratory of Cebu Technological University – Tuburan, located in the municipality of Tuburan in the western part of Cebu Island. Listed on the global…",Fabrication Laboratory (FabLab),https://nelle3549.github.io/Innovation-hubs/centers/fablab-ctu-tuburan.html,Region VII,https://nelle3549.github.io/Innovation-hubs/hub%20thumbnails/centers/fablab-ctu-tuburan.webp
FabLab UP-Cebu,"FabLab UP-Cebu is the digital fabrication laboratory of the University of the Philippines Cebu (UP Cebu), located in Cebu City in the Central Visayas region (Region VII). Listed on the global…",Fabrication Laboratory (FabLab),https://nelle3549.github.io/Innovation-hubs/centers/fablab-up-cebu.html,Region VII,https://nelle3549.github.io/Innovation-hubs/hub%20thumbnails/centers/fablab-up-cebu.webp
Food Innovation Center — CTU Tuburan,The Cebu Technological University Tuburan Food Innovation Center (CTU-TC FIC) is a food innovation and R&D hub established at CTU's Tuburan Campus in northern Cebu through the Department of Trade and…,Food Innovation Center,https://nelle3549.github.io/Innovation-hubs/centers/food-innovation-center-ctu-tuburan.html,Region VII,https://nelle3549.github.io/Innovation-hubs/hub%20thumbnails/centers/food-innovation-center-ctu-tuburan.webp
HNU FabLab – Center for Innovation,"The HNU FabLab – Center for Innovation is a multidisciplinary fabrication and innovation hub hosted by Holy Name University in Tagbilaran City, Bohol (Region VII). Established with support from the…",Fabrication Laboratory (FabLab),https://nelle3549.github.io/Innovation-hubs/centers/hnu-fablab-center-for-innovation.html,Region VII,https://nelle3549.github.io/Innovation-hubs/hub%20thumbnails/centers/hnu-fablab-center-for-innovation.webp
UP Cebu Business Incubator for Information Technology (UP Cebu inIT),"InIT UP-Cebu (UP Cebu inIT) is the Incubator for Information Technology incubator hosted by the University of the Philippines Cebu in Cebu City. Operating under UPScale, UP Cebu's umbrella innovation…",Technology Business Incubator,https://nelle3549.github.io/Innovation-hubs/centers/up-cebu-business-incubator-for-information-technology.html,Region VII,https://nelle3549.github.io/Innovation-hubs/hub%20thumbnails/centers/up-cebu-business-incubator-for-information-technology.webp
WildCat Innovation Labs (CIT-U TBI),"WildCat Innovation Labs is the Technology Business Incubator of Cebu Institute of Technology – University (CIT-U) in Cebu City, supported by DOST-PCIEERD. Named after the university's wildcat mascot…",Technology Business Incubator,https://nelle3549.github.io/Innovation-hubs/centers/wildcat-innovation-labs.html,Region VII,https://nelle3549.github.io/Innovation-hubs/hub%20thumbnails/centers/wildcat-innovation-labs.webp
DOST-PCAARRD-VSU Agri-Aqua Technology Business Incubator (VSU-TBI),"The DOST-PCAARRD-VSU Agriculture & Food TBI is hosted by Visayas State University in Baybay City, Leyte and is the first Technology Business Incubator established in Eastern Visayas. Strategically…",Technology Business Incubator,https://nelle3549.github.io/Innovation-hubs/centers/dost-pcaarrd-vsu-agri-aqua-technology-business-incubator.html,Region VIII,https://nelle3549.github.io/Innovation-hubs/hub%20thumbnails/centers/dost-pcaarrd-vsu-agri-aqua-technology-business-incubator.webp
Eastern Visayas FIC (EV-FIC) — Eastern Visayas State University,"The Eastern Visayas Food Innovation Center (EV-FIC) is a joint initiative of the Department of Science and Technology and Eastern Visayas State University (EVSU), established at EVSU's campus in…",Food Innovation Center,https://nelle3549.github.io/Innovation-hubs/centers/eastern-visayas-fic-eastern-visayas-state-university.html,Region VIII,https://nelle3549.github.io/Innovation-hubs/hub%20thumbnails/centers/eastern-visayas-fic-eastern-visayas-state-university.webp
FabLab Eastern Visayas (PSHS-EVC),"PSHS Eastern Visayas FabLab is a Shared Service Facility (SSF) funded by the Department of Trade and Industry (DTI), established at the Philippine Science High School Eastern Visayas Campus…",Fabrication Laboratory (FabLab),https://nelle3549.github.io/Innovation-hubs/centers/fablab-eastern-visayas.html,Region VIII,https://nelle3549.github.io/Innovation-hubs/hub%20thumbnails/centers/fablab-eastern-visayas.webp
SSU TBI LAMBAT (Samar State University),"LAMBAT Technology Business Incubator is the DOST-supported Technology Business Incubator of Samar State University (SSU) in Catbalogan City, Samar, focused on marine and food processing technology…",Technology Business Incubator,https://nelle3549.github.io/Innovation-hubs/centers/ssu-tbi-lambat.html,Region VIII,https://nelle3549.github.io/Innovation-hubs/hub%20thumbnails/centers/ssu-tbi-lambat.webp
ANLAG TA BUKSU-TBI,"ANLAG TA BUKSU-TBI is a Technology Business Incubator hosted by Bukidnon State University (BUKSU) in Malaybalay City, Bukidnon, Region X (Northern Mindanao). As one of the few university-based…",Technology Business Incubator,https://nelle3549.github.io/Innovation-hubs/centers/anlag-ta-buksu-tbi.html,Region X,https://nelle3549.github.io/Innovation-hubs/hub%20thumbnails/centers/anlag-ta-buksu-tbi.webp
"CDO BITES — CDO Business Incubation, Tech Entrepreneurship & Startups","CDO B.I.T.E.S. (Business Incubation, Tech Entrepreneurship & Startups) is the Technology Business Incubator (TBI) of the University of Science & Technology of Southern Philippines (USTP) in Cagayan…",Technology Business Incubator,https://nelle3549.github.io/Innovation-hubs/centers/cdo-bites-cdo-business-incubation-tech-entrepreneurship-startups.html,Region X,https://nelle3549.github.io/Innovation-hubs/hub%20thumbnails/centers/cdo-bites-cdo-business-incubation-tech-entrepreneurship-startups.webp
"DOST-PCAARRD-CMU Agriculture, Food & Natural Resources TBI","The DOST-PCAARRD-CMU Agriculture, Food & Natural Resources TBI is a Technology Business Incubator hosted by Central Mindanao University (CMU) in Maramag, Bukidnon. Established under the DOST-PCAARRD…",Technology Business Incubator,https://nelle3549.github.io/Innovation-hubs/centers/dost-pcaarrd-cmu-agriculture-food-natural-resources-tbi.html,Region X,https://nelle3549.github.io/Innovation-hubs/hub%20thumbnails/centers/dost-pcaarrd-cmu-agriculture-food-natural-resources-tbi.webp
Food Research & Development Center — Central Mindanao University,"The Food Research & Development Center (FRDC) at Central Mindanao University is a DOST-10 partnered food innovation facility located in Maramag, Bukidnon. Established in 2016, the FRDC provides food…",Food Innovation Center,https://nelle3549.github.io/Innovation-hubs/centers/food-research-development-center-central-mindanao-university.html,Region X,https://nelle3549.github.io/Innovation-hubs/hub%20thumbnails/centers/food-research-development-center-central-mindanao-university.webp
MSU-IIT Center of Innovation and Technopreneurship (CIT) — iDEYA,"The Center of Innovation and Technopreneurship (CIT), branded iDEYA, is the Technology Business Incubator of MSU – Iligan Institute of Technology (MSU-IIT), recognized as the first DOST-PCIEERD…",Technology Business Incubator,https://nelle3549.github.io/Innovation-hubs/centers/msu-iit-center-of-innovation-and-technopreneurship-ideya.html,Region X,https://nelle3549.github.io/Innovation-hubs/hub%20thumbnails/centers/msu-iit-center-of-innovation-and-technopreneurship-ideya.webp
MSU-IIT FabLab Mindanao,"The MSU-IIT FabLab Mindanao is the digital fabrication laboratory of Mindanao State University – Iligan Institute of Technology (MSU-IIT), one of the premier state universities in Northern Mindanao…",Fabrication Laboratory (FabLab),https://nelle3549.github.io/Innovation-hubs/centers/msu-iit-fablab-mindanao.html,Region X,https://nelle3549.github.io/Innovation-hubs/hub%20thumbnails/centers/msu-iit-fablab-mindanao.webp
Northern Mindanao FIC (NMFIC) — USTP,The Northern Mindanao Food Innovation Center (NMFIC) is a DOST-funded Food Innovation Center hosted by the University of Science and Technology of Southern Philippines (USTP) in Cagayan de Oro City…,Food Innovation Center,https://nelle3549.github.io/Innovation-hubs/centers/northern-mindanao-fic-ustp.html,Region X,https://nelle3549.github.io/Innovation-hubs/hub%20thumbnails/centers/northern-mindanao-fic-ustp.webp
USTP-CDO Design Engineering and Fabrication Laboratory (FabLab),"The USTP Design Engineering & Fabrication Laboratory (USTP FabLab) is the digital fabrication center of the University of Science and Technology of Southern Philippines, located at C.M. Recto Avenue…",Fabrication Laboratory (FabLab),https://nelle3549.github.io/Innovation-hubs/centers/ustp-cdo-design-engineering-and-fabrication-laboratory.html,Region X,https://nelle3549.github.io/Innovation-hubs/hub%20thumbnails/centers/ustp-cdo-design-engineering-and-fabrication-laboratory.webp
AdDU ADDVentures Technology Business Incubator (TBI),"ADDVentures Technology Business Incubator is the innovation incubation center of Ateneo de Davao University (AdDU) in Davao City, serving Region XI (Davao Region). Established through DOST-PCIEERD's…",Technology Business Incubator,https://nelle3549.github.io/Innovation-hubs/centers/addu-addventures-technology-business-incubator.html,Region XI,https://nelle3549.github.io/Innovation-hubs/hub%20thumbnails/centers/addu-addventures-technology-business-incubator.webp
Davao Food Processing Innovation Center — Philippine Women's College of Davao,The Food Processing Innovation Center — Davao (FPIC-Davao) at Philippine Women's College of Davao holds the distinction of being the first Food Innovation Center established in the Philippines (May…,Food Innovation Center,https://nelle3549.github.io/Innovation-hubs/centers/davao-food-processing-innovation-center-philippine-women-s-college-of-davao.html,Region XI,https://nelle3549.github.io/Innovation-hubs/hub%20thumbnails/centers/davao-food-processing-innovation-center-philippine-women-s-college-of-davao.webp
DIGIHUB FabLab Davao,"DIGIHUB FabLab Davao is the digital fabrication laboratory of the University of Southeastern Philippines (USeP), located in Davao City. Listed on the global Fab Lab network directory (fablabs.io)…",Fabrication Laboratory (FabLab),https://nelle3549.github.io/Innovation-hubs/centers/digihub-fablab-davao.html,Region XI,https://nelle3549.github.io/Innovation-hubs/hub%20thumbnails/centers/digihub-fablab-davao.webp
DNSC BUGSAI Technology Business Incubator,"DNSC BUGSAI (Blue Economy Underpinning Global Sustainability through Adaptive Innovations) Technology Business Incubator is hosted by Davao del Norte State College in Panabo City, Davao del Norte and…",Technology Business Incubator,https://nelle3549.github.io/Innovation-hubs/centers/dnsc-bugsai-technology-business-incubator.html,Region XI,https://nelle3549.github.io/Innovation-hubs/hub%20thumbnails/centers/dnsc-bugsai-technology-business-incubator.webp
PWC CHI+ Technology Business Incubator,"Creative Hub for Innovation (ChI+) is the Technology Business Incubator of Philippine Women's College of Davao (PWC) in Davao City. A DOST-supported TBI, CHI+ focuses on technology and social…",Technology Business Incubator,https://nelle3549.github.io/Innovation-hubs/centers/pwc-chi-technology-business-incubator.html,Region XI,https://nelle3549.github.io/Innovation-hubs/hub%20thumbnails/centers/pwc-chi-technology-business-incubator.webp
UIC MARIAN Technology Business Incubator,"MARIAN TBI is the Technology Business Incubator of the University of the Immaculate Conception (UIC) in Davao City, established with DOST-PCIEERD funding of PHP 11.3 million under the Higher…",Technology Business Incubator,https://nelle3549.github.io/Innovation-hubs/centers/uic-marian-technology-business-incubator.html,Region XI,https://nelle3549.github.io/Innovation-hubs/hub%20thumbnails/centers/uic-marian-technology-business-incubator.webp
UMasenso Hub,"UMasenso Hub is the Technology Business Incubator (TBI) of the University of Mindanao (UM) in Davao City, operating under the UM Research and Innovation Center (UMRIC). The hub specializes in…",Technology Business Incubator,https://nelle3549.github.io/Innovation-hubs/centers/umasenso-hub.html,Region XI,https://nelle3549.github.io/Innovation-hubs/hub%20thumbnails/centers/umasenso-hub.webp
UP Mindanao CORSAIR — AI & Robotics FabLab,Host-office logo (UP Mindanao Office of Research) — CORSAIR FabLab has no dedicated page.,Fabrication Laboratory (FabLab),https://nelle3549.github.io/Innovation-hubs/centers/up-mindanao-corsair-ai-robotics-fablab.html,Region XI,https://nelle3549.github.io/Innovation-hubs/hub%20thumbnails/centers/up-mindanao-corsair-ai-robotics-fablab.webp
"Upgrade Innolab, Inc. (formerly UP Mindanao UPGRADE TBI)","UPGRADE (University of the Philippines Mindanao Growing and Developing Enterprises) is the Technology Business Incubator hosted by the University of the Philippines Mindanao in Davao City, serving…",Technology Business Incubator,https://nelle3549.github.io/Innovation-hubs/centers/upgrade-innolab-inc.html,Region XI,https://nelle3549.github.io/Innovation-hubs/hub%20thumbnails/centers/upgrade-innolab-inc.webp
USeP AGILab TBI (Advancing Great Ideas Laboratory),"USeP AGILab TBI (Advancing Great Ideas Laboratory) is the Technology Business Incubator (TBI) of the University of Southeastern Philippines (USeP), located in Davao City in Mindanao (Region XI). As…",Technology Business Incubator,https://nelle3549.github.io/Innovation-hubs/centers/usep-agilab-tbi.html,Region XI,https://nelle3549.github.io/Innovation-hubs/hub%20thumbnails/centers/usep-agilab-tbi.webp
ICEBOX TBI,ICEBOX TBI (Innovation Center for Enterprises and Business Opportunities) is a Technology Business Incubator hosted by Mindanao State University - General Santos (MSU-GenSan) in General Santos City…,Technology Business Incubator,https://nelle3549.github.io/Innovation-hubs/centers/icebox-tbi.html,Region XII,https://nelle3549.github.io/Innovation-hubs/hub%20thumbnails/centers/icebox-tbi.webp
SOCCSKSARGEN FIC — Sultan Kudarat State University,"The SOCCSKSARGEN Food Innovation Center (FIC) at Sultan Kudarat State University (SKSU) is the first DOST Food Innovation Center in the SOCCSKSARGEN region (Region XII), established in 2022 and…",Food Innovation Center,https://nelle3549.github.io/Innovation-hubs/centers/soccsksargen-fic-sultan-kudarat-state-university.html,Region XII,https://nelle3549.github.io/Innovation-hubs/hub%20thumbnails/centers/soccsksargen-fic-sultan-kudarat-state-university.webp
STEP APP TBI (SKSU),STEP APP — Sustainable Technopreneurship Ecosystem for the Promotion and Advancement of Promising Products — is the Technology Business Incubator hosted by Sultan Kudarat State University at its…,Technology Business Incubator,https://nelle3549.github.io/Innovation-hubs/centers/step-app-tbi.html,Region XII,https://nelle3549.github.io/Innovation-hubs/hub%20thumbnails/centers/step-app-tbi.webp
USM-KCC FabLab,"The USM-KCC FabLab is the digital fabrication laboratory of the University of Southern Mindanao – Kidapawan City Campus (USM-KCC), located in Kidapawan City, Cotabato. As the first Fab Lab…",Fabrication Laboratory (FabLab),https://nelle3549.github.io/Innovation-hubs/centers/usm-kcc-fablab.html,Region XII,https://nelle3549.github.io/Innovation-hubs/hub%20thumbnails/centers/usm-kcc-fablab.webp
USMart TBI,"USMart TBI is the Technology Business Incubator (TBI) of the University of Southern Mindanao (USM) in Kabacan, North Cotabato, funded by DOST-PCIEERD as part of the national TBI network. The center…",Technology Business Incubator,https://nelle3549.github.io/Innovation-hubs/centers/usmart-tbi.html,Region XII,https://nelle3549.github.io/Innovation-hubs/hub%20thumbnails/centers/usmart-tbi.webp
ASSCAT Agri-Food Processing and Innovation Center,"The ASSCAT Agri-Food Processing and Innovation Center at Agusan del Sur State University (formerly the Agusan del Sur State College of Agriculture and Technology) in Bunawan, Agusan del Sur is one of…",Food Innovation Center,https://nelle3549.github.io/Innovation-hubs/centers/asscat-agri-food-processing-and-innovation-center.html,Region XIII,https://nelle3549.github.io/Innovation-hubs/hub%20thumbnails/centers/asscat-agri-food-processing-and-innovation-center.webp
Caraga FIC — Surigao del Norte State University (SNSU),"The Caraga FIC at Surigao del Norte State University (SNSU) is a DOST-funded Food Innovation Center located in Surigao City, Surigao del Norte. As one of the member institutions of the Caraga Food…",Food Innovation Center,https://nelle3549.github.io/Innovation-hubs/centers/caraga-fic-surigao-del-norte-state-university.html,Region XIII,https://nelle3549.github.io/Innovation-hubs/hub%20thumbnails/centers/caraga-fic-surigao-del-norte-state-university.webp
Caraga Food Innovation Center (FIC),"The Caraga Food Innovation Center (FIC) is hosted by Caraga State University (CSU) in Butuan City, Agusan del Norte and is the lead facility of the Caraga Food Innovation Consortium (CFIC) — a…",Food Innovation Center,https://nelle3549.github.io/Innovation-hubs/centers/caraga-food-innovation-center.html,Region XIII,https://nelle3549.github.io/Innovation-hubs/hub%20thumbnails/centers/caraga-food-innovation-center.webp
DOST-SNSU WAVES TBI,"DOST-SNSU WAVES TBI is a university-based Technology Business Incubator hosted by Surigao del Norte State University (SNSU) in Surigao City, Region XIII (Caraga). It was established in partnership…",Technology Business Incubator,https://nelle3549.github.io/Innovation-hubs/centers/dost-snsu-waves-tbi.html,Region XIII,https://nelle3549.github.io/Innovation-hubs/hub%20thumbnails/centers/dost-snsu-waves-tbi.webp
FabLab Caraga,"FabLab Caraga is the digital fabrication laboratory of Caraga State University, located in Butuan City, Agusan del Norte. As a member of the global Fab Lab network (listed on fablabs.io), the lab…",Fabrication Laboratory (FabLab),https://nelle3549.github.io/Innovation-hubs/centers/fablab-caraga.html,Region XIII,https://nelle3549.github.io/Innovation-hubs/hub%20thumbnails/centers/fablab-caraga.webp
FSUU Food Innovation Center (Caraga FIC),"The FSUU Food Innovation Center is the Food Innovation Center (FIC) of Father Saturnino Urios University (FSUU) in Butuan City, Agusan del Norte — the newest member of the Caraga Food Innovation…",Food Innovation Center,https://nelle3549.github.io/Innovation-hubs/centers/fsuu-food-innovation-center.html,Region XIII,https://nelle3549.github.io/Innovation-hubs/hub%20thumbnails/centers/fsuu-food-innovation-center.webp
Navigatu TBI (DOST-CSU),"Navigatu TBI is the Technology Business Incubator of Caraga State University, supported by DOST-PCIEERD, located in Butuan City, Agusan del Norte. Taking its name from “navigation,” inspired by the…",Technology Business Incubator,https://nelle3549.github.io/Innovation-hubs/centers/navigatu-tbi.html,Region XIII,https://nelle3549.github.io/Innovation-hubs/hub%20thumbnails/centers/navigatu-tbi.webp
NEMSU Food Innovation Center,The NEMSU Food Innovation Center at North Eastern Mindanao State University (formerly Surigao del Sur State University) is one of the five Food Innovation Centers operated by DOST Caraga (with CSU…,Food Innovation Center,https://nelle3549.github.io/Innovation-hubs/centers/nemsu-food-innovation-center.html,Region XIII,https://nelle3549.github.io/Innovation-hubs/hub%20thumbnails/centers/nemsu-food-innovation-center.webp
TARA Agri-Aqua Technology Business Incubator (Caraga State University),"CSU TARA (Agri-Aqua Technology Business Incubator) Technology Business Incubator is hosted by Caraga State University in Butuan City, Agusan del Norte and serves Region XIII (Caraga). TARA is CSU's…",Technology Business Incubator,https://nelle3549.github.io/Innovation-hubs/centers/tara-agri-aqua-technology-business-incubator.html,Region XIII,https://nelle3549.github.io/Innovation-hubs/hub%20thumbnails/centers/tara-agri-aqua-technology-business-incubator.webp
FabLab Negros — NORSU,"FabLab Negros is the digital fabrication laboratory of Negros Oriental State University (NORSU), located in Dumaguete City — the ""City of Gentle People"" and one of the Philippines' most vibrant…",Fabrication Laboratory (FabLab),https://nelle3549.github.io/Innovation-hubs/centers/fablab-negros-norsu.html,Region XVIII: NIR,https://nelle3549.github.io/Innovation-hubs/hub%20thumbnails/centers/fablab-negros-norsu.webp
FabLab Siquijor,"FabLab Siquijor is the digital fabrication laboratory of Siquijor State College, located in Larena, the capital municipality of Siquijor in the Negros Island Region. As one of the more remote FabLabs…",Fabrication Laboratory (FabLab),https://nelle3549.github.io/Innovation-hubs/centers/fablab-siquijor.html,Region XVIII: NIR,https://nelle3549.github.io/Innovation-hubs/hub%20thumbnails/centers/fablab-siquijor.webp
Pandayan ng Bayan — Metalworks & Fabrication Center,"Pandayan ng Bayan is a DOST Community Empowerment through Science & Technology (CEST) metalworks and fabrication project in Negros Occidental, implemented by Central Philippines State University…",Fabrication Laboratory (FabLab),https://nelle3549.github.io/Innovation-hubs/centers/pandayan-ng-bayan-metalworks-fabrication-center.html,Region XVIII: NIR,https://nelle3549.github.io/Innovation-hubs/hub%20thumbnails/centers/pandayan-ng-bayan-metalworks-fabrication-center.webp
SINERGY TBI (Silliman Innovations on Energy),"SINERGY TBI (Silliman Innovations on Energy) is a Technology Business Incubator hosted by Silliman University in Dumaguete, Negros Oriental. Operating under DOST's banner program for Energy…",Technology Business Incubator,https://nelle3549.github.io/Innovation-hubs/centers/sinergy-tbi.html,Region XVIII: NIR,https://nelle3549.github.io/Innovation-hubs/hub%20thumbnails/centers/sinergy-tbi.webp
TUPV HIVE — Hub for Innovation & Value Engineering,"The HIVE (Hub for Innovation & Value Engineering) is the DOST-funded Technology Business Incubator of the Technological University of the Philippines – Visayas (TUP-Visayas), located at the Antonio…",Technology Business Incubator,https://nelle3549.github.io/Innovation-hubs/centers/tupv-hive-hub-for-innovation-value-engineering.html,Region XVIII: NIR,https://nelle3549.github.io/Innovation-hubs/hub%20thumbnails/centers/tupv-hive-hub-for-innovation-value-engineering.webp
